insert into pessoa values('1234', 'Joaquim','joaquim@gmail.com');
insert into pessoa values('1111', 'Alexandre','alexandre1@gmail.com');
insert into pessoa values('1567', 'Diogo','diogo5@gmail.com');
insert into pessoa values('2978', 'Miguel','miguel02@gmail.com');
insert into pessoa values('1337', 'Gervasio','gervasioo@gmail.com');
insert into pessoa values('3456', 'Tiago','tiagu@gmail.com');
insert into pessoa values('4516', 'Cristiana','cristina.oi@gmail.com');
insert into pessoa values('1759', 'Sofia','sofiaa@gmail.com');
insert into pessoa values('1566', 'Ana','anocas@gmail.com');

insert into carro values('9BWHE21JX24060960','Seat Ibiza',2008);
insert into carro values('9BWZZZ377YP067800','Jaguar xf',2005);
insert into carro values('9B61166W04C400001','Opel Corsa',2008);
insert into carro values('9BARD08401G219194','Ferrari California',2005);
insert into carro values('9BWCA25X0YP000001','Buggati Chiron',2010);
insert into carro values('9BWCA11J0Y4000001','Mercedes c220',2009);
insert into carro values('9BWZO57OUR5047001', 'Seat Ibiza', 2008);
insert into carro values('9B8ODQ79R42730001', 'BMW Serie 1', 2005);
insert into carro values('9BWCA42X9FEW00001', 'Opel Corsa', 2000);

insert into acidente values(1974817314,'17/05/2009','Praca do Giraldo');
insert into acidente values(1791452497,'05/09/2010','Rua dos Mercadores');
insert into acidente values(1572197828,'10/01/2008','Rua Serpa Pinto');
insert into acidente values(1347821476,'28/02/2015','Praca 1º de Maio');
insert into acidente values(1729849194,'15/08/2010','Rua do Raimundo');
insert into acidente values(1416818654,'04/06/2009','Rossio');
insert into acidente values(1918891685, '11/01/2010', 'Rua do Raimundo');
insert into acidente values(1534568767, '17/05/2011', 'Rua dos Mercadores');
insert into acidente values(1894987854, '15/08/2010', 'Praca 1º de Maio');

insert into tem values('1234','9BWHE21JX24060960');
insert into tem values('1111','9BWZZZ377YP067800');
insert into tem values('1567','9BWCA11J0Y4000001');
insert into tem values('2978','9BARD08401G219194');
insert into tem values('1337','9B61166W04C400001');
insert into tem values('3456','9BWCA25X0YP000001');
insert into tem values('4516','9B8ODQ79R42730001');
insert into tem values('1759','9BWCA42X9FEW00001');
insert into tem values('1566','9BWZO57OUR5047001');

insert into participacao values(1974817314,'9BWZZZ377YP067800', '1111', 250);
insert into participacao values(1791452497,'9BWCA25X0YP000001', '1567', 150);
insert into participacao values(1572197828,'9BWHE21JX24060960', '1234', 600);
insert into participacao values(1347821476,'9BWCA11J0Y4000001', '3456', 50);
insert into participacao values(1729849194,'9B61166W04C400001', '1337', 100);
insert into participacao values(1416818654,'9BARD08401G219194', '2978', 50);
insert into participacao values(1918891685,'9BWCA25X0YP000001', '1111', 200);
insert into participacao values(1534568767,'9B61166W04C400001', '1337', 50);
insert into participacao values(1894987854,'9BWCA11J0Y4000001', '1337', 250);

